usuario,password,nombre,apellido,numero_id,cargo,fecha_nacimiento,fecha_alta
maria,m,maria,romero,123,arq,2025-10-01,2025-11-10
maria,m,maria,romero,123,arq,2025-10-01,2025-11-10
maria,m,maria,romero,123,arq,2025-10-01,2025-11-10
maria,m,maria,romero,123,arq,2025-10-01,2025-11-10
maria,m,maria,romero,123,arq,2025-10-01,2025-11-10
maria,m,m,m,m,m,2025-09-09,2025-11-18
z,z,z,z,1,Obrero,2000-01-01,2025-01-01
m,m,m,m,1,Obrero,2000-01-01,2025-01-01
m,m,m,m,1,Obrero,2000-01-01,2025-01-01
N,N,N,2025-12-02,2025-12-02,N
M,M,M,2025-12-02,2025-12-03,M
N,1234,NOMBRE,APELLIDOS,2000-01-01,2025-12-22,EMPLEADO
M,1234,NOMBRE,APELLIDOS,2000-01-01,2025-12-22,EMPLEADO
X,X,X,X,X,2025-12-22,X
X,X,X,X,X,2025-12-22,X
X,X,X,X,X,2025-12-22,X
A,A,A,A,2025-12-02,2025-12-22,A
"Z,Z,Z,Z,2025-12-02,2025-12-22,Z,12:42:59,""[(281, 265), (282, 286), (286, 305), (290, 324), (296, 342), (306, 359), (320, 373), (337, 383), (357, 386), (378, 383), (395, 373), (409, 359), (420, 341), (426, 322), (429, 301), (431, 279), (431, 257), (288, 245), (296, 236), (309, 234), (322, 234), (335, 238), (364, 235), (377, 229), (392, 227), (406, 229), (417, 237), (351, 252), (352, 264), (352, 277), (353, 290), (339, 305), (346, 307), (354, 308), (362, 306), (369, 304), (302, 261), (310, 254), (320, 254), (330, 260), (321, 262), (310, 264), (374, 257), (383, 250), (394, 249), (403, 255), (395, 259), (384, 259), (327, 336), (337, 328), (348, 322), (355, 324), (363, 321), (374, 326), (386, 333), (375, 341), (364, 345), (356, 346), (348, 346), (338, 343), (332, 336), (348, 332), (356, 332), (363, 331), (381, 333), (363, 332), (356, 333), (348, 333)]"""
"Z,Z,Z,Z,2025-12-02,2025-12-22,Z,12:43:00,""[(282, 264), (284, 285), (287, 305), (291, 324), (298, 342), (307, 360), (321, 374), (338, 384), (359, 387), (380, 384), (398, 374), (412, 360), (422, 342), (428, 322), (431, 301), (433, 280), (433, 258), (291, 245), (299, 237), (312, 234), (325, 235), (337, 239), (366, 235), (380, 230), (394, 228), (408, 230), (419, 238), (353, 252), (354, 265), (355, 278), (355, 291), (341, 306), (348, 308), (356, 309), (364, 307), (371, 304), (304, 261), (312, 255), (323, 254), (332, 260), (323, 263), (313, 264), (376, 258), (386, 251), (396, 251), (405, 256), (397, 260), (387, 260), (330, 337), (340, 327), (350, 322), (357, 324), (365, 321), (376, 326), (388, 334), (377, 342), (367, 345), (358, 346), (350, 346), (340, 344), (335, 336), (350, 332), (358, 333), (365, 332), (382, 333), (366, 333), (358, 334), (351, 334)]"""
"Z,Z,Z,Z,2025-12-02,2025-12-22,Z,12:43:00,""[(283, 265), (284, 286), (287, 305), (292, 325), (298, 343), (308, 360), (322, 374), (339, 384), (359, 386), (379, 383), (397, 374), (411, 361), (421, 343), (428, 323), (431, 302), (433, 281), (433, 259), (291, 246), (299, 237), (312, 234), (326, 235), (338, 238), (367, 235), (380, 230), (395, 228), (409, 230), (420, 239), (354, 252), (355, 265), (355, 278), (356, 291), (341, 306), (349, 307), (357, 309), (365, 307), (372, 304), (304, 260), (313, 254), (324, 253), (333, 260), (324, 262), (313, 263), (377, 258), (386, 249), (397, 249), (406, 255), (399, 259), (387, 259), (330, 336), (340, 328), (350, 322), (358, 324), (365, 321), (377, 326), (388, 334), (378, 342), (367, 345), (359, 346), (350, 346), (340, 343), (335, 336), (350, 332), (358, 332), (366, 331), (383, 334), (366, 333), (358, 334), (351, 333)]"""
"Z,Z,Z,Z,2025-12-02,2025-12-22,Z,12:43:01,""[(282, 263), (284, 284), (287, 304), (291, 323), (298, 342), (308, 359), (321, 373), (338, 383), (359, 386), (380, 383), (398, 374), (412, 359), (422, 341), (428, 321), (432, 299), (434, 277), (433, 255), (291, 245), (299, 236), (312, 234), (325, 235), (338, 239), (366, 235), (379, 230), (394, 227), (408, 229), (418, 237), (353, 252), (354, 265), (355, 277), (355, 291), (341, 306), (348, 308), (356, 309), (364, 307), (371, 305), (304, 261), (313, 257), (323, 256), (333, 260), (324, 264), (313, 265), (376, 258), (386, 253), (397, 253), (406, 256), (397, 261), (387, 261), (329, 336), (340, 327), (350, 322), (357, 324), (365, 321), (376, 326), (388, 333), (377, 342), (367, 346), (358, 346), (350, 346), (340, 343), (335, 336), (350, 332), (357, 332), (365, 331), (382, 334), (366, 333), (358, 333), (350, 333)]"""
"Z,Z,Z,Z,2025-12-02,2025-12-22,Z,12:43:01,""[(283, 264), (284, 285), (288, 305), (292, 324), (298, 342), (308, 359), (322, 373), (338, 383), (359, 386), (380, 383), (398, 374), (412, 359), (422, 342), (428, 322), (431, 301), (434, 279), (434, 257), (291, 246), (299, 237), (312, 234), (325, 235), (338, 238), (366, 235), (380, 230), (395, 228), (409, 230), (420, 239), (354, 252), (355, 265), (355, 278), (356, 291), (341, 306), (349, 308), (357, 309), (365, 307), (372, 305), (304, 260), (313, 254), (324, 253), (333, 259), (324, 262), (313, 263), (377, 257), (386, 250), (397, 249), (406, 255), (398, 259), (387, 259), (330, 336), (340, 328), (350, 322), (358, 324), (366, 322), (377, 326), (388, 333), (378, 342), (367, 345), (359, 346), (351, 346), (341, 343), (335, 336), (350, 332), (358, 333), (366, 332), (383, 334), (366, 333), (358, 334), (351, 333)]"""
"M,M,M,M,2025-12-03,2025-12-22,M,12:49:26,""[(308, 294), (312, 313), (318, 331), (325, 348), (334, 365), (344, 380), (358, 393), (374, 400), (394, 400), (414, 395), (430, 385), (443, 371), (452, 352), (457, 332), (457, 310), (456, 289), (453, 267), (311, 274), (318, 264), (329, 259), (342, 258), (354, 260), (380, 254), (392, 247), (406, 243), (421, 243), (433, 249), (369, 269), (371, 281), (373, 293), (375, 305), (364, 321), (372, 322), (380, 322), (387, 319), (394, 316), (325, 285), (332, 279), (342, 276), (352, 280), (344, 283), (334, 286), (394, 271), (402, 265), (412, 263), (421, 266), (414, 270), (404, 272), (358, 353), (366, 343), (376, 336), (383, 336), (390, 333), (402, 336), (415, 341), (405, 350), (395, 355), (387, 357), (379, 358), (369, 358), (363, 351), (377, 346), (384, 345), (392, 343), (410, 342), (393, 343), (385, 345), (378, 346)]"""
"M,M,M,M,2025-12-03,2025-12-22,M,12:49:27,""[(310, 293), (313, 313), (319, 330), (325, 348), (334, 365), (344, 381), (358, 393), (375, 401), (395, 402), (415, 396), (432, 386), (445, 371), (454, 352), (458, 332), (458, 310), (457, 289), (455, 268), (313, 273), (320, 264), (331, 260), (343, 260), (356, 261), (383, 255), (396, 248), (410, 244), (424, 244), (436, 251), (372, 271), (374, 283), (376, 294), (377, 307), (367, 323), (374, 323), (382, 323), (389, 320), (396, 317), (328, 285), (335, 279), (344, 277), (354, 281), (346, 284), (336, 287), (396, 273), (404, 266), (414, 264), (424, 268), (416, 272), (406, 273), (360, 354), (368, 345), (377, 338), (385, 338), (392, 335), (404, 337), (417, 343), (407, 352), (397, 357), (389, 359), (381, 360), (371, 359), (365, 353), (378, 347), (386, 346), (393, 344), (411, 344), (394, 345), (387, 347), (380, 348)]"""
"M,M,M,M,2025-12-03,2025-12-22,M,12:49:27,""[(309, 294), (312, 313), (318, 331), (325, 349), (334, 366), (344, 382), (358, 394), (375, 402), (395, 402), (415, 397), (432, 387), (445, 372), (453, 353), (458, 333), (458, 311), (457, 290), (454, 269), (312, 275), (319, 265), (330, 261), (343, 260), (355, 261), (382, 255), (395, 248), (408, 245), (422, 245), (435, 250), (371, 271), (373, 283), (375, 295), (377, 307), (366, 324), (373, 325), (381, 324), (388, 321), (395, 318), (326, 286), (333, 280), (344, 277), (353, 282), (345, 285), (335, 288), (395, 274), (403, 266), (413, 264), (423, 268), (415, 273), (405, 274), (359, 355), (368, 345), (377, 338), (384, 339), (391, 336), (403, 338), (415, 344), (406, 352), (396, 357), (388, 360), (380, 361), (370, 360), (364, 354), (378, 348), (385, 347), (393, 345), (410, 344), (393, 346), (386, 348), (379, 349)]"""
"M,M,M,M,2025-12-03,2025-12-22,M,12:49:28,""[(308, 293), (312, 313), (317, 331), (324, 348), (332, 365), (342, 381), (356, 394), (373, 402), (393, 401), (412, 396), (430, 387), (443, 372), (452, 353), (456, 333), (456, 311), (455, 290), (453, 268), (311, 275), (318, 265), (329, 262), (342, 261), (354, 262), (379, 256), (393, 249), (407, 245), (422, 246), (434, 251), (369, 272), (371, 284), (373, 296), (375, 309), (364, 324), (371, 325), (379, 325), (386, 322), (393, 319), (325, 286), (332, 279), (343, 277), (352, 281), (344, 285), (334, 288), (393, 274), (402, 266), (412, 265), (421, 268), (414, 273), (404, 274), (357, 355), (366, 345), (375, 339), (382, 339), (389, 336), (401, 338), (414, 344), (404, 352), (394, 357), (386, 360), (378, 361), (368, 360), (362, 354), (376, 348), (383, 347), (391, 345), (409, 345), (391, 346), (384, 348), (377, 349)]"""
"M,M,M,M,2025-12-03,2025-12-22,M,12:49:28,""[(308, 294), (311, 313), (317, 331), (324, 348), (332, 365), (342, 381), (356, 394), (372, 402), (392, 402), (411, 397), (428, 387), (441, 373), (450, 354), (455, 334), (456, 313), (455, 291), (453, 270), (311, 275), (318, 266), (329, 262), (341, 261), (354, 263), (381, 256), (394, 250), (408, 246), (422, 246), (434, 252), (370, 272), (372, 284), (373, 296), (375, 309), (364, 324), (371, 325), (379, 326), (386, 322), (393, 319), (325, 286), (333, 280), (343, 278), (353, 282), (344, 286), (334, 288), (394, 274), (402, 267), (412, 265), (422, 269), (414, 274), (404, 275), (357, 356), (366, 346), (375, 340), (381, 341), (389, 337), (400, 340), (413, 345), (403, 353), (393, 358), (385, 361), (378, 362), (368, 361), (362, 354), (376, 349), (382, 348), (390, 346), (408, 346), (391, 347), (383, 349), (377, 350)]"""
"Q,Q,Q,Q,2025-12-02,2025-12-22,Q,13:00:42,""[(304, 363), (303, 383), (304, 403), (306, 422), (309, 441), (316, 458), (329, 472), (344, 479), (365, 481), (386, 482), (405, 479), (421, 469), (431, 454), (439, 436), (445, 417), (449, 397), (452, 376), (316, 340), (326, 333), (340, 332), (353, 335), (365, 339), (390, 339), (404, 337), (419, 337), (432, 340), (442, 349), (377, 353), (376, 364), (376, 376), (375, 388), (358, 401), (365, 403), (373, 405), (381, 405), (388, 404), (328, 356), (337, 351), (347, 352), (356, 358), (347, 359), (336, 359), (398, 361), (408, 356), (418, 357), (426, 363), (418, 365), (408, 364), (343, 430), (354, 422), (365, 418), (372, 420), (380, 419), (390, 425), (398, 436), (388, 440), (378, 442), (369, 442), (361, 440), (352, 437), (348, 430), (364, 427), (371, 428), (379, 428), (394, 435), (378, 430), (370, 430), (363, 429)]"""
"Q,Q,Q,Q,2025-12-02,2025-12-22,Q,13:00:42,""[(304, 363), (303, 383), (303, 402), (305, 421), (309, 440), (316, 458), (328, 471), (344, 479), (364, 482), (385, 482), (404, 479), (420, 469), (431, 454), (439, 436), (445, 417), (449, 398), (451, 377), (316, 339), (327, 333), (339, 332), (352, 335), (364, 339), (390, 340), (404, 337), (418, 337), (431, 340), (441, 348), (377, 354), (376, 365), (376, 376), (375, 388), (358, 401), (366, 404), (373, 405), (381, 405), (388, 404), (328, 356), (337, 352), (347, 352), (356, 358), (347, 360), (336, 360), (398, 362), (408, 357), (418, 358), (426, 364), (418, 366), (408, 365), (343, 431), (355, 422), (365, 418), (372, 420), (381, 419), (391, 425), (399, 436), (389, 441), (378, 443), (370, 442), (362, 441), (352, 438), (348, 430), (364, 427), (372, 429), (380, 429), (394, 435), (379, 431), (371, 430), (363, 429)]"""
"Q,Q,Q,Q,2025-12-02,2025-12-22,Q,13:00:43,""[(304, 362), (303, 383), (304, 402), (305, 422), (309, 441), (316, 459), (329, 472), (344, 480), (365, 482), (386, 482), (405, 478), (421, 469), (432, 453), (439, 435), (445, 415), (450, 395), (453, 374), (316, 340), (327, 332), (340, 332), (353, 334), (365, 339), (390, 339), (404, 336), (418, 336), (432, 340), (441, 349), (377, 353), (376, 364), (375, 376), (374, 388), (358, 401), (365, 403), (373, 405), (380, 405), (388, 403), (329, 356), (337, 351), (348, 352), (356, 358), (347, 359), (337, 359), (397, 361), (407, 356), (417, 358), (425, 364), (417, 366), (407, 364), (342, 430), (354, 422), (365, 417), (372, 420), (380, 419), (390, 425), (399, 435), (388, 441), (378, 442), (369, 442), (361, 440), (351, 437), (347, 430), (363, 427), (371, 428), (379, 429), (394, 435), (378, 430), (370, 430), (363, 429)]"""
"Q,Q,Q,Q,2025-12-02,2025-12-22,Q,13:00:44,""[(304, 363), (303, 384), (304, 403), (305, 422), (309, 441), (316, 458), (328, 471), (344, 479), (364, 481), (386, 482), (405, 478), (421, 469), (432, 454), (439, 436), (445, 417), (449, 397), (453, 377), (316, 340), (326, 333), (339, 332), (352, 334), (364, 339), (390, 339), (404, 336), (418, 336), (431, 340), (441, 349), (377, 353), (376, 364), (375, 375), (375, 387), (358, 400), (365, 403), (373, 405), (381, 404), (388, 403), (328, 356), (337, 351), (347, 352), (355, 358), (346, 359), (336, 359), (397, 361), (408, 356), (417, 357), (425, 364), (417, 365), (407, 364), (342, 430), (354, 422), (365, 417), (372, 420), (380, 419), (390, 425), (399, 436), (388, 441), (377, 442), (369, 442), (361, 441), (352, 437), (348, 430), (364, 427), (371, 428), (379, 429), (394, 435), (378, 430), (370, 430), (363, 429)]"""
"Q,Q,Q,Q,2025-12-02,2025-12-22,Q,13:00:44,""[(304, 362), (303, 382), (304, 401), (305, 421), (309, 440), (316, 457), (328, 471), (344, 479), (364, 482), (385, 482), (404, 478), (421, 468), (431, 453), (439, 436), (445, 416), (450, 397), (453, 376), (316, 339), (327, 332), (339, 332), (353, 334), (364, 339), (390, 339), (404, 336), (418, 336), (432, 340), (441, 348), (377, 353), (376, 364), (375, 376), (374, 388), (358, 401), (365, 403), (372, 405), (380, 404), (387, 403), (328, 356), (337, 351), (347, 352), (355, 358), (346, 359), (336, 359), (397, 361), (408, 356), (418, 357), (425, 363), (417, 365), (407, 364), (341, 430), (353, 422), (364, 417), (371, 420), (379, 419), (389, 425), (398, 436), (388, 441), (377, 442), (368, 442), (361, 441), (351, 437), (346, 430), (363, 427), (370, 429), (378, 429), (393, 435), (378, 430), (370, 430), (362, 429)]"""
"M,M,M,M,2025-12-02,2025-12-23,M,13:29:04,""[(330, 226), (331, 242), (332, 258), (334, 274), (338, 288), (347, 300), (360, 309), (378, 314), (399, 315), (421, 314), (438, 309), (450, 299), (458, 286), (462, 270), (465, 253), (466, 236), (466, 220), (339, 194), (348, 185), (360, 182), (373, 180), (385, 183), (406, 181), (419, 178), (433, 178), (445, 183), (454, 192), (398, 195), (398, 204), (399, 213), (399, 222), (385, 240), (393, 241), (400, 242), (407, 240), (414, 239), (352, 208), (359, 203), (368, 202), (377, 206), (369, 208), (360, 209), (419, 205), (428, 200), (437, 200), (444, 205), (437, 206), (428, 206), (373, 272), (384, 259), (394, 252), (401, 253), (408, 252), (417, 258), (428, 270), (418, 273), (409, 274), (401, 274), (394, 274), (384, 275), (378, 270), (394, 263), (401, 263), (408, 263), (423, 269), (408, 264), (401, 264), (394, 264)]"""
"M,M,M,M,2025-12-02,2025-12-23,M,13:29:05,""[(330, 225), (330, 242), (331, 257), (333, 273), (337, 287), (345, 300), (359, 308), (377, 313), (399, 313), (421, 312), (439, 308), (451, 299), (459, 285), (463, 268), (465, 251), (466, 234), (465, 217), (339, 193), (348, 185), (359, 180), (372, 178), (385, 180), (405, 180), (417, 176), (431, 176), (444, 180), (454, 189), (396, 193), (397, 202), (398, 211), (399, 220), (385, 240), (392, 240), (400, 241), (407, 240), (413, 238), (352, 203), (358, 195), (367, 194), (377, 200), (368, 201), (359, 203), (417, 198), (425, 191), (434, 191), (441, 199), (434, 199), (425, 198), (374, 272), (383, 259), (393, 252), (401, 253), (408, 251), (417, 257), (427, 269), (418, 272), (409, 272), (401, 273), (393, 273), (384, 274), (378, 270), (393, 262), (401, 262), (408, 262), (422, 268), (408, 263), (401, 263), (393, 263)]"""
"M,M,M,M,2025-12-02,2025-12-23,M,13:29:06,""[(331, 225), (331, 240), (332, 256), (334, 271), (337, 286), (345, 300), (359, 309), (377, 314), (399, 315), (421, 314), (438, 309), (451, 299), (459, 285), (463, 269), (465, 251), (467, 234), (466, 217), (340, 193), (348, 184), (359, 180), (372, 178), (385, 181), (406, 181), (419, 176), (432, 177), (445, 181), (454, 190), (396, 193), (397, 203), (398, 212), (399, 222), (385, 240), (392, 241), (400, 242), (407, 240), (413, 239), (353, 204), (359, 196), (368, 195), (378, 200), (369, 201), (360, 203), (417, 199), (425, 193), (434, 193), (442, 200), (434, 200), (425, 199), (373, 273), (383, 260), (393, 253), (401, 254), (408, 252), (417, 258), (427, 270), (417, 272), (408, 273), (401, 274), (393, 274), (383, 275), (377, 271), (393, 263), (401, 263), (408, 263), (422, 269), (408, 264), (400, 264), (393, 265)]"""
"M,M,M,M,2025-12-02,2025-12-23,M,13:29:06,""[(330, 224), (331, 240), (332, 256), (334, 272), (337, 287), (346, 300), (359, 309), (377, 314), (399, 316), (421, 315), (439, 311), (451, 300), (460, 286), (464, 270), (466, 252), (467, 235), (466, 218), (340, 192), (349, 184), (360, 180), (373, 178), (386, 181), (406, 181), (419, 177), (433, 177), (445, 181), (455, 190), (397, 195), (398, 204), (399, 213), (399, 222), (386, 241), (393, 242), (400, 242), (407, 241), (414, 239), (353, 204), (359, 197), (368, 196), (377, 202), (369, 203), (360, 204), (418, 201), (427, 194), (436, 195), (443, 201), (435, 202), (427, 201), (374, 273), (384, 260), (394, 253), (401, 254), (408, 252), (418, 258), (427, 270), (418, 274), (409, 274), (401, 274), (394, 275), (384, 275), (379, 271), (394, 264), (401, 263), (408, 263), (423, 269), (408, 264), (401, 264), (394, 264)]"""
"M,M,M,M,2025-12-02,2025-12-23,M,13:29:07,""[(331, 224), (332, 240), (333, 256), (335, 272), (339, 287), (347, 299), (361, 308), (379, 314), (401, 314), (423, 313), (440, 309), (452, 299), (460, 286), (464, 270), (466, 253), (467, 236), (467, 219), (340, 194), (349, 185), (361, 182), (374, 180), (386, 183), (408, 181), (421, 178), (435, 178), (448, 182), (457, 191), (398, 195), (399, 204), (400, 212), (400, 221), (386, 239), (393, 240), (401, 241), (408, 239), (414, 238), (353, 207), (360, 202), (369, 200), (378, 205), (370, 207), (361, 208), (420, 204), (429, 198), (438, 198), (445, 204), (438, 205), (429, 205), (374, 272), (384, 259), (394, 252), (402, 253), (409, 251), (419, 258), (429, 270), (419, 273), (410, 273), (402, 273), (394, 273), (384, 274), (379, 270), (394, 262), (402, 262), (409, 262), (424, 269), (409, 263), (401, 264), (394, 264)]"""
"maria,,,,,2025-12-23,,13:32:16,""[(339, 170), (339, 187), (341, 204), (345, 222), (351, 239), (359, 256), (370, 271), (381, 285), (396, 293), (413, 293), (433, 288), (450, 276), (462, 260), (472, 242), (478, 221), (481, 198), (482, 175), (344, 154), (350, 148), (360, 148), (370, 150), (379, 154), (396, 153), (411, 148), (427, 147), (443, 152), (455, 163), (386, 171), (385, 182), (383, 194), (381, 206), (376, 217), (380, 220), (385, 221), (392, 221), (399, 220), (355, 170), (361, 166), (369, 167), (375, 173), (367, 173), (360, 173), (412, 176), (420, 171), (430, 172), (439, 176), (430, 179), (421, 178), (375, 246), (378, 240), (382, 237), (387, 239), (393, 238), (405, 243), (417, 251), (406, 259), (395, 260), (389, 260), (383, 258), (379, 253), (379, 246), (383, 244), (388, 245), (394, 245), (412, 250), (394, 250), (388, 249), (383, 247)]"""
"maria,,,,,2025-12-23,,13:32:17,""[(298, 180), (299, 202), (302, 224), (309, 246), (320, 264), (337, 279), (358, 288), (378, 295), (398, 296), (419, 292), (438, 285), (455, 273), (468, 256), (476, 236), (479, 214), (480, 192), (479, 170), (313, 143), (323, 130), (338, 123), (354, 124), (368, 130), (396, 131), (412, 126), (429, 126), (445, 133), (456, 144), (385, 153), (387, 164), (387, 175), (389, 186), (372, 207), (381, 209), (389, 210), (397, 208), (404, 206), (330, 163), (337, 154), (349, 154), (359, 162), (349, 165), (338, 166), (407, 160), (417, 151), (429, 151), (439, 158), (430, 163), (418, 163), (363, 246), (372, 230), (381, 222), (389, 223), (396, 221), (408, 227), (420, 239), (409, 243), (399, 245), (391, 246), (383, 246), (375, 245), (369, 242), (382, 233), (389, 233), (396, 232), (414, 237), (397, 233), (390, 234), (383, 234)]"""
"maria,,,,,2025-12-23,,13:32:17,""[(297, 188), (299, 210), (303, 231), (310, 251), (321, 269), (337, 283), (356, 290), (376, 295), (396, 293), (415, 288), (433, 280), (450, 269), (463, 254), (470, 235), (472, 214), (472, 193), (470, 171), (311, 152), (316, 136), (329, 125), (345, 123), (360, 127), (387, 129), (402, 122), (420, 122), (436, 129), (447, 142), (375, 151), (376, 161), (378, 171), (380, 181), (365, 204), (373, 205), (382, 205), (389, 203), (398, 201), (327, 167), (334, 158), (345, 156), (355, 162), (346, 166), (335, 168), (400, 158), (410, 150), (421, 150), (431, 156), (422, 159), (410, 160), (359, 247), (368, 231), (377, 220), (385, 220), (391, 217), (403, 223), (415, 235), (405, 239), (394, 241), (388, 243), (380, 244), (371, 246), (364, 244), (378, 231), (386, 230), (391, 229), (409, 234), (393, 230), (387, 231), (379, 232)]"""
"maria,,,,,2025-12-23,,13:32:18,""[(290, 168), (293, 190), (298, 211), (306, 233), (316, 254), (332, 270), (353, 282), (375, 290), (396, 292), (418, 288), (438, 280), (456, 266), (467, 249), (473, 228), (475, 206), (475, 184), (473, 162), (304, 137), (313, 127), (328, 123), (343, 126), (357, 131), (388, 136), (403, 131), (420, 129), (437, 133), (450, 143), (377, 151), (378, 163), (380, 174), (381, 186), (366, 205), (375, 206), (383, 208), (391, 206), (398, 203), (324, 151), (331, 143), (342, 143), (353, 153), (342, 154), (331, 155), (401, 155), (409, 145), (421, 146), (431, 153), (422, 156), (410, 156), (358, 238), (368, 228), (378, 222), (386, 223), (392, 220), (405, 225), (417, 235), (407, 241), (396, 243), (389, 244), (381, 244), (370, 243), (363, 237), (379, 231), (386, 231), (393, 231), (411, 234), (394, 232), (387, 233), (380, 233)]"""
"maria,,,,,2025-12-23,,13:32:19,""[(333, 188), (332, 206), (334, 224), (339, 242), (347, 259), (357, 275), (369, 288), (385, 297), (405, 298), (427, 296), (445, 289), (460, 276), (472, 260), (479, 242), (483, 221), (485, 200), (484, 180), (351, 156), (358, 147), (368, 143), (380, 144), (390, 149), (412, 146), (424, 140), (439, 138), (452, 141), (462, 150), (401, 162), (402, 172), (402, 182), (403, 192), (388, 213), (395, 214), (403, 215), (411, 213), (419, 210), (361, 175), (368, 170), (376, 169), (384, 172), (377, 175), (368, 176), (423, 169), (432, 165), (441, 165), (449, 169), (441, 171), (432, 171), (378, 247), (387, 234), (396, 228), (404, 229), (412, 227), (422, 232), (434, 243), (423, 248), (413, 250), (405, 251), (397, 252), (388, 251), (383, 246), (397, 239), (404, 238), (412, 237), (429, 242), (412, 239), (404, 240), (397, 240)]"""
"y,y,y,y,2025-12-03,2025-12-23,y,14:46:41,""[(337, 180), (337, 200), (338, 220), (340, 241), (344, 259), (354, 275), (369, 285), (389, 292), (414, 296), (439, 296), (461, 291), (476, 281), (486, 265), (492, 246), (496, 226), (499, 205), (499, 185), (351, 144), (362, 131), (377, 127), (393, 128), (407, 134), (431, 136), (447, 131), (463, 131), (478, 136), (488, 149), (420, 148), (420, 158), (420, 168), (420, 179), (402, 202), (410, 203), (419, 205), (428, 204), (436, 202), (365, 159), (374, 152), (385, 152), (395, 159), (385, 160), (374, 160), (443, 160), (454, 153), (465, 154), (474, 161), (465, 162), (454, 161), (384, 241), (398, 226), (410, 218), (420, 220), (428, 218), (439, 226), (450, 242), (439, 245), (428, 244), (419, 245), (409, 244), (397, 244), (390, 239), (410, 230), (419, 231), (428, 230), (445, 240), (428, 233), (419, 232), (410, 232)]"""
"y,y,y,y,2025-12-03,2025-12-23,y,14:46:42,""[(334, 180), (334, 201), (336, 222), (338, 242), (343, 260), (353, 275), (369, 284), (389, 292), (413, 296), (437, 295), (458, 290), (474, 281), (485, 265), (491, 247), (495, 226), (498, 206), (498, 185), (348, 139), (360, 128), (375, 124), (391, 126), (405, 133), (431, 136), (445, 131), (462, 130), (477, 135), (488, 145), (418, 148), (418, 159), (418, 169), (418, 180), (401, 202), (409, 204), (418, 205), (426, 204), (434, 202), (363, 156), (372, 149), (383, 149), (394, 157), (383, 158), (372, 158), (441, 158), (451, 151), (462, 151), (472, 159), (462, 160), (452, 159), (383, 241), (397, 225), (409, 218), (419, 220), (427, 218), (438, 225), (449, 241), (437, 243), (427, 243), (418, 244), (408, 244), (396, 243), (389, 239), (409, 230), (418, 230), (427, 230), (443, 239), (427, 232), (418, 232), (409, 232)]"""
"y,y,y,y,2025-12-03,2025-12-23,y,14:46:42,""[(336, 175), (336, 196), (337, 218), (339, 239), (344, 259), (353, 275), (369, 284), (390, 292), (415, 296), (440, 294), (461, 289), (477, 279), (487, 263), (492, 243), (496, 222), (499, 201), (499, 180), (349, 138), (360, 127), (375, 123), (390, 125), (403, 131), (432, 135), (446, 130), (462, 130), (477, 135), (488, 146), (418, 148), (418, 159), (419, 169), (419, 180), (401, 202), (409, 204), (418, 205), (427, 204), (435, 202), (364, 156), (373, 150), (384, 150), (394, 157), (383, 159), (373, 159), (441, 159), (452, 152), (463, 152), (472, 159), (463, 161), (452, 160), (384, 240), (397, 225), (410, 218), (419, 220), (427, 218), (437, 225), (448, 241), (437, 244), (427, 244), (418, 244), (408, 244), (396, 244), (390, 238), (409, 230), (419, 231), (427, 231), (443, 239), (426, 232), (418, 233), (409, 232)]"""
"y,y,y,y,2025-12-03,2025-12-23,y,14:46:43,""[(337, 177), (336, 198), (338, 218), (340, 239), (344, 258), (353, 274), (369, 285), (389, 293), (414, 297), (439, 296), (460, 290), (476, 280), (487, 264), (492, 244), (496, 223), (499, 203), (499, 182), (352, 140), (362, 129), (377, 125), (392, 125), (406, 132), (431, 135), (446, 130), (462, 130), (477, 135), (488, 146), (419, 148), (419, 158), (419, 168), (419, 179), (402, 201), (410, 203), (419, 205), (427, 204), (435, 201), (365, 157), (374, 150), (385, 150), (396, 158), (385, 159), (374, 159), (442, 159), (453, 152), (463, 152), (473, 160), (463, 161), (453, 160), (384, 240), (397, 225), (410, 217), (419, 219), (428, 218), (438, 225), (448, 240), (437, 244), (427, 244), (418, 244), (408, 244), (396, 244), (390, 238), (410, 230), (419, 230), (428, 230), (443, 239), (427, 233), (418, 233), (409, 232)]"""
"y,y,y,y,2025-12-03,2025-12-23,y,14:46:43,""[(336, 180), (336, 200), (338, 220), (340, 241), (344, 259), (354, 274), (369, 284), (389, 291), (413, 296), (437, 296), (459, 291), (474, 281), (485, 265), (491, 246), (496, 226), (498, 205), (498, 184), (350, 140), (360, 129), (376, 125), (391, 126), (406, 132), (431, 135), (446, 130), (463, 131), (478, 136), (488, 148), (419, 148), (419, 159), (419, 168), (419, 179), (401, 201), (409, 203), (418, 205), (427, 203), (435, 202), (364, 156), (373, 149), (384, 149), (394, 157), (383, 157), (372, 158), (443, 159), (453, 152), (464, 152), (473, 160), (464, 161), (453, 160), (383, 239), (397, 224), (410, 217), (419, 219), (428, 217), (439, 225), (450, 241), (438, 243), (428, 244), (418, 244), (408, 243), (396, 243), (389, 237), (409, 229), (419, 230), (428, 230), (444, 239), (427, 232), (418, 232), (409, 231)]"""
"Y,Y,Y,Y,2025-12-02,2025-12-26,Y,12:51:28,""[(246, 160), (247, 181), (250, 201), (254, 222), (260, 242), (271, 258), (285, 272), (305, 281), (328, 283), (350, 278), (369, 268), (383, 254), (393, 237), (398, 218), (402, 197), (404, 175), (404, 154), (254, 132), (263, 119), (278, 115), (294, 115), (308, 120), (331, 117), (346, 111), (362, 109), (378, 113), (389, 125), (321, 132), (322, 144), (322, 156), (323, 168), (305, 188), (314, 190), (323, 192), (332, 190), (341, 187), (269, 144), (278, 138), (288, 137), (298, 143), (288, 144), (278, 146), (345, 140), (355, 133), (366, 133), (375, 139), (366, 141), (356, 141), (294, 224), (305, 212), (315, 205), (324, 207), (332, 205), (345, 210), (357, 221), (346, 226), (334, 230), (325, 231), (316, 230), (306, 228), (300, 223), (316, 217), (324, 217), (333, 216), (351, 220), (333, 218), (325, 219), (316, 218)]"""
"Y,Y,Y,Y,2025-12-02,2025-12-26,Y,12:51:30,""[(238, 162), (238, 181), (241, 201), (244, 221), (251, 240), (262, 257), (277, 270), (296, 279), (319, 280), (341, 275), (359, 263), (374, 249), (384, 231), (389, 212), (392, 192), (391, 172), (390, 153), (245, 134), (252, 121), (267, 116), (282, 115), (295, 120), (319, 116), (333, 110), (350, 109), (365, 114), (374, 126), (309, 133), (310, 145), (310, 156), (311, 169), (294, 188), (303, 190), (312, 191), (321, 189), (329, 186), (259, 145), (267, 138), (276, 137), (286, 142), (277, 143), (268, 145), (334, 139), (343, 132), (353, 132), (361, 138), (354, 139), (344, 139), (281, 222), (293, 211), (304, 205), (313, 207), (322, 204), (334, 209), (348, 217), (336, 223), (324, 227), (315, 228), (306, 228), (295, 227), (287, 221), (305, 216), (313, 215), (322, 214), (342, 216), (323, 216), (314, 217), (305, 217)]"""
"Y,Y,Y,Y,2025-12-02,2025-12-26,Y,12:51:31,""[(239, 157), (239, 176), (240, 195), (244, 215), (249, 233), (260, 250), (273, 263), (291, 273), (313, 275), (335, 271), (354, 262), (369, 249), (381, 233), (388, 215), (392, 194), (391, 173), (391, 153), (247, 127), (254, 114), (268, 109), (282, 108), (295, 113), (316, 110), (331, 104), (348, 102), (364, 107), (374, 119), (306, 125), (307, 136), (307, 147), (307, 158), (290, 179), (299, 181), (308, 182), (317, 179), (326, 176), (259, 137), (266, 130), (276, 129), (286, 134), (276, 135), (267, 137), (331, 132), (341, 124), (351, 124), (360, 131), (352, 131), (342, 131), (278, 214), (289, 201), (300, 195), (308, 196), (317, 193), (331, 199), (345, 209), (332, 215), (320, 218), (310, 220), (301, 220), (289, 218), (283, 212), (300, 206), (309, 205), (318, 204), (339, 208), (318, 207), (309, 208), (301, 208)]"""
"Y,Y,Y,Y,2025-12-02,2025-12-26,Y,12:51:32,""[(241, 158), (241, 178), (243, 198), (247, 218), (253, 238), (264, 255), (279, 269), (297, 279), (320, 281), (342, 277), (360, 265), (376, 251), (387, 233), (393, 214), (396, 193), (395, 172), (394, 151), (248, 134), (256, 122), (271, 117), (287, 116), (301, 121), (321, 118), (336, 112), (353, 111), (369, 115), (380, 127), (312, 133), (313, 145), (313, 156), (314, 169), (297, 188), (305, 190), (314, 191), (324, 189), (332, 186), (263, 145), (271, 138), (281, 137), (291, 143), (281, 144), (272, 144), (337, 141), (347, 134), (357, 134), (365, 139), (357, 141), (347, 141), (283, 220), (295, 211), (306, 205), (315, 207), (324, 204), (337, 209), (351, 217), (338, 224), (326, 228), (317, 229), (307, 229), (296, 226), (289, 220), (307, 215), (315, 215), (324, 214), (346, 217), (325, 217), (316, 218), (307, 218)]"""
"Y,Y,Y,Y,2025-12-02,2025-12-26,Y,12:51:33,""[(241, 161), (241, 180), (243, 199), (247, 219), (253, 238), (263, 255), (277, 268), (295, 278), (318, 280), (341, 276), (359, 265), (374, 251), (385, 235), (391, 216), (394, 196), (394, 175), (393, 155), (248, 136), (256, 122), (270, 118), (286, 116), (300, 120), (322, 118), (337, 113), (353, 112), (369, 116), (379, 128), (312, 133), (312, 145), (313, 156), (313, 168), (296, 187), (304, 189), (314, 190), (323, 188), (331, 185), (264, 145), (271, 139), (281, 138), (290, 143), (281, 144), (272, 145), (337, 141), (346, 135), (356, 135), (365, 140), (356, 142), (346, 142), (282, 220), (294, 210), (305, 204), (314, 206), (323, 203), (336, 208), (350, 216), (336, 223), (325, 226), (316, 227), (306, 227), (295, 225), (288, 219), (306, 214), (315, 214), (324, 213), (344, 216), (324, 215), (315, 216), (306, 216)]"""
"q,q,q,q,2025-10-21,2025-12-30,q,12:29:37,""[(270, 223), (270, 240), (271, 258), (273, 275), (278, 293), (286, 309), (299, 322), (317, 330), (337, 332), (358, 330), (375, 322), (387, 310), (394, 293), (399, 276), (403, 258), (404, 241), (404, 223), (281, 196), (289, 186), (301, 182), (315, 182), (327, 185), (350, 184), (362, 181), (374, 181), (386, 185), (393, 194), (339, 198), (340, 208), (340, 218), (340, 228), (324, 245), (331, 247), (339, 248), (347, 247), (353, 245), (292, 208), (299, 200), (309, 200), (318, 207), (309, 208), (300, 209), (358, 207), (366, 199), (376, 200), (383, 208), (376, 209), (367, 208), (306, 278), (316, 264), (330, 257), (338, 259), (347, 257), (360, 263), (368, 277), (359, 287), (347, 292), (338, 293), (328, 293), (316, 288), (311, 277), (329, 268), (338, 268), (347, 268), (363, 277), (347, 282), (338, 283), (329, 282)]"""
"q,q,q,q,2025-10-21,2025-12-30,q,12:29:38,""[(269, 221), (269, 238), (270, 256), (273, 273), (277, 291), (285, 307), (298, 320), (316, 327), (336, 330), (357, 326), (375, 318), (388, 305), (396, 289), (400, 272), (403, 254), (404, 237), (403, 219), (280, 195), (288, 186), (301, 182), (314, 181), (326, 185), (349, 185), (360, 181), (373, 181), (385, 184), (392, 194), (339, 199), (339, 208), (339, 218), (339, 228), (324, 245), (331, 247), (339, 248), (346, 247), (352, 245), (292, 208), (299, 200), (309, 200), (318, 207), (309, 209), (299, 209), (357, 207), (366, 200), (375, 200), (382, 207), (375, 209), (366, 208), (314, 279), (322, 266), (332, 260), (339, 262), (346, 260), (356, 266), (364, 278), (356, 286), (346, 291), (339, 292), (331, 291), (321, 287), (318, 278), (332, 271), (339, 271), (345, 271), (359, 278), (346, 279), (339, 280), (332, 279)]"""
"q,q,q,q,2025-10-21,2025-12-30,q,12:29:38,""[(268, 222), (268, 240), (269, 257), (272, 275), (277, 293), (285, 309), (297, 323), (315, 331), (336, 334), (356, 331), (373, 323), (386, 309), (394, 292), (399, 274), (402, 256), (403, 239), (403, 220), (279, 196), (288, 187), (300, 182), (314, 181), (326, 185), (349, 185), (360, 181), (373, 182), (384, 186), (392, 195), (338, 199), (338, 209), (338, 219), (339, 230), (323, 247), (330, 249), (338, 250), (345, 249), (351, 247), (291, 208), (298, 200), (308, 200), (317, 208), (308, 209), (298, 210), (357, 208), (365, 200), (375, 200), (382, 208), (375, 209), (366, 209), (309, 281), (318, 268), (330, 262), (338, 263), (345, 262), (357, 268), (365, 280), (356, 289), (345, 294), (337, 295), (329, 294), (318, 290), (314, 280), (330, 274), (337, 274), (345, 273), (360, 279), (345, 282), (337, 283), (330, 282)]"""
"q,q,q,q,2025-10-21,2025-12-30,q,12:29:39,""[(269, 220), (268, 237), (269, 255), (271, 273), (276, 291), (285, 308), (298, 320), (315, 328), (336, 330), (356, 327), (372, 319), (385, 306), (394, 290), (399, 273), (402, 255), (403, 237), (403, 220), (279, 196), (288, 187), (300, 183), (314, 183), (326, 187), (349, 186), (361, 183), (374, 183), (385, 187), (392, 196), (338, 201), (338, 211), (339, 220), (339, 231), (323, 248), (330, 249), (339, 251), (346, 249), (353, 248), (291, 211), (299, 207), (308, 207), (317, 211), (308, 213), (299, 213), (357, 211), (366, 207), (375, 208), (382, 212), (375, 214), (366, 213), (309, 278), (319, 267), (331, 261), (338, 263), (346, 261), (357, 267), (366, 279), (357, 286), (346, 290), (338, 291), (330, 291), (319, 287), (314, 278), (331, 272), (338, 272), (346, 272), (361, 278), (346, 279), (338, 280), (331, 279)]"""
"q,q,q,q,2025-10-21,2025-12-30,q,12:29:39,""[(267, 224), (266, 242), (268, 259), (271, 277), (276, 295), (284, 311), (297, 323), (314, 330), (335, 333), (355, 330), (372, 322), (385, 309), (393, 293), (398, 275), (400, 257), (402, 239), (402, 222), (278, 196), (287, 187), (299, 183), (312, 182), (324, 186), (347, 185), (359, 182), (371, 182), (383, 186), (390, 195), (336, 200), (337, 209), (337, 219), (337, 230), (321, 246), (329, 248), (337, 249), (344, 248), (351, 246), (289, 209), (297, 201), (306, 201), (315, 209), (306, 209), (297, 210), (355, 208), (364, 200), (373, 200), (380, 208), (373, 209), (364, 209), (305, 280), (314, 265), (327, 259), (336, 260), (344, 259), (357, 265), (365, 279), (356, 288), (345, 293), (336, 294), (326, 294), (314, 290), (310, 279), (327, 269), (336, 269), (344, 269), (360, 278), (344, 283), (336, 284), (327, 283)]"""
"MARIA,MARIA,MARIA,ROMERO,1990-02-14,2026-03-19,ARQ,19:30:00,""[(254, 167), (254, 189), (255, 210), (259, 230), (266, 250), (276, 266), (289, 279), (304, 289), (322, 293), (340, 291), (355, 283), (368, 270), (378, 254), (385, 236), (390, 217), (394, 197), (396, 178), (269, 151), (281, 144), (295, 144), (308, 147), (320, 154), (345, 155), (357, 151), (370, 148), (382, 150), (390, 159), (332, 170), (331, 183), (331, 194), (331, 207), (314, 218), (321, 220), (329, 223), (337, 221), (344, 220), (283, 169), (292, 166), (302, 167), (310, 173), (301, 174), (291, 174), (349, 176), (358, 171), (368, 172), (375, 176), (368, 180), (358, 179), (301, 247), (311, 239), (322, 235), (329, 238), (336, 236), (344, 241), (352, 249), (344, 258), (335, 262), (327, 263), (320, 262), (310, 256), (306, 247), (321, 243), (328, 244), (335, 244), (348, 249), (335, 252), (328, 252), (321, 251)]"""
"MARIA,MARIA,MARIA,ROMERO,1990-02-14,2026-03-19,ARQ,19:30:00,""[(252, 166), (252, 186), (253, 207), (256, 228), (264, 247), (274, 263), (287, 276), (303, 286), (321, 290), (339, 289), (355, 280), (368, 268), (378, 253), (385, 236), (389, 218), (394, 198), (396, 180), (267, 150), (279, 144), (293, 143), (306, 147), (318, 153), (346, 153), (359, 149), (371, 147), (384, 150), (392, 160), (331, 169), (331, 181), (330, 194), (330, 206), (313, 217), (320, 219), (328, 222), (336, 220), (343, 219), (282, 167), (291, 164), (301, 164), (309, 172), (299, 173), (289, 172), (350, 174), (359, 168), (369, 168), (376, 174), (369, 178), (359, 177), (299, 244), (310, 239), (321, 235), (328, 237), (335, 236), (343, 240), (353, 246), (343, 253), (335, 256), (327, 256), (319, 255), (309, 251), (304, 244), (320, 243), (328, 244), (335, 244), (348, 246), (335, 246), (328, 246), (320, 245)]"""
"MARIA,MARIA,MARIA,ROMERO,1990-02-14,2026-03-19,ARQ,19:30:01,""[(254, 167), (254, 188), (255, 209), (258, 229), (265, 248), (275, 265), (288, 277), (304, 287), (322, 291), (340, 289), (355, 280), (368, 268), (378, 253), (385, 235), (389, 217), (394, 197), (395, 179), (269, 150), (280, 143), (294, 143), (307, 147), (318, 153), (344, 154), (356, 149), (369, 147), (382, 149), (390, 160), (330, 169), (330, 181), (330, 193), (329, 206), (312, 217), (320, 219), (328, 221), (336, 220), (343, 219), (283, 168), (291, 166), (301, 167), (309, 172), (300, 173), (290, 172), (348, 175), (358, 171), (367, 171), (375, 175), (367, 178), (357, 177), (299, 244), (310, 238), (320, 234), (327, 236), (334, 235), (343, 240), (352, 247), (342, 254), (334, 256), (326, 256), (318, 255), (309, 251), (304, 244), (320, 242), (327, 243), (334, 243), (347, 246), (334, 246), (327, 246), (320, 245)]"""
"MARIA,MARIA,MARIA,ROMERO,1990-02-14,2026-03-19,ARQ,19:30:01,""[(240, 165), (241, 187), (242, 209), (245, 229), (252, 249), (265, 264), (281, 276), (298, 286), (318, 291), (337, 289), (352, 280), (365, 268), (375, 252), (382, 235), (387, 216), (391, 196), (393, 176), (265, 148), (278, 142), (292, 142), (305, 146), (316, 152), (344, 152), (356, 148), (369, 146), (381, 148), (388, 157), (330, 168), (329, 180), (329, 191), (329, 203), (311, 217), (319, 218), (326, 221), (334, 220), (341, 218), (279, 166), (288, 162), (299, 163), (307, 171), (298, 172), (287, 171), (347, 173), (356, 167), (366, 167), (373, 173), (366, 176), (356, 176), (297, 243), (309, 237), (319, 233), (326, 236), (334, 234), (342, 239), (350, 246), (340, 251), (332, 253), (324, 254), (317, 252), (307, 249), (302, 243), (319, 242), (326, 243), (333, 243), (345, 245), (333, 244), (325, 244), (318, 243)]"""
"MARIA,MARIA,MARIA,ROMERO,1990-02-14,2026-03-19,ARQ,19:30:02,""[(254, 168), (254, 189), (256, 210), (259, 230), (265, 249), (275, 264), (288, 277), (304, 287), (322, 292), (340, 290), (355, 280), (368, 268), (378, 252), (384, 235), (388, 217), (393, 198), (395, 180), (268, 150), (279, 143), (293, 142), (307, 145), (318, 151), (346, 152), (358, 148), (371, 146), (384, 149), (391, 159), (331, 168), (331, 180), (330, 192), (330, 205), (314, 217), (321, 219), (328, 221), (336, 220), (343, 219), (282, 166), (291, 162), (301, 163), (310, 171), (300, 172), (290, 171), (349, 173), (358, 166), (369, 166), (376, 173), (369, 177), (359, 176), (300, 244), (311, 237), (321, 233), (328, 236), (335, 234), (344, 239), (353, 246), (344, 253), (335, 255), (327, 256), (319, 254), (310, 250), (305, 244), (321, 242), (328, 243), (335, 243), (348, 246), (335, 245), (328, 245), (321, 244)]"""
"MARIA G,MARIA,MARIA G,ROMERO,1990-02-19,2026-03-19,ARQ,20:08:01,""[(240, 182), (240, 205), (242, 229), (245, 251), (253, 273), (265, 293), (278, 310), (295, 324), (315, 329), (336, 326), (353, 311), (369, 293), (381, 274), (389, 253), (393, 232), (396, 210), (397, 189), (257, 173), (268, 168), (283, 169), (296, 173), (309, 180), (336, 179), (350, 174), (364, 171), (378, 172), (387, 181), (322, 195), (321, 210), (320, 225), (320, 241), (302, 249), (310, 252), (318, 255), (327, 253), (335, 250), (271, 191), (280, 187), (291, 188), (300, 196), (290, 197), (279, 196), (342, 197), (351, 190), (362, 190), (371, 195), (363, 200), (352, 200), (288, 274), (299, 271), (310, 268), (318, 270), (326, 268), (337, 271), (348, 275), (337, 287), (326, 293), (317, 294), (308, 292), (298, 286), (293, 275), (309, 276), (318, 277), (326, 276), (343, 276), (327, 282), (318, 283), (309, 281)]"""
"MARIA G,MARIA,MARIA G,ROMERO,1990-02-19,2026-03-19,ARQ,20:08:01,""[(241, 179), (240, 202), (242, 224), (245, 246), (252, 268), (262, 288), (273, 305), (289, 318), (309, 323), (329, 321), (346, 309), (359, 293), (371, 275), (379, 256), (385, 235), (390, 213), (393, 191), (253, 169), (265, 162), (279, 163), (293, 167), (305, 174), (334, 173), (347, 168), (361, 166), (375, 167), (384, 177), (318, 190), (317, 206), (316, 220), (316, 236), (299, 244), (306, 247), (314, 250), (323, 248), (331, 246), (267, 186), (276, 182), (288, 183), (296, 191), (286, 193), (275, 192), (339, 193), (349, 186), (360, 186), (368, 191), (360, 197), (349, 196), (288, 272), (297, 266), (307, 263), (314, 266), (322, 264), (331, 269), (340, 276), (330, 286), (321, 290), (312, 291), (304, 289), (295, 283), (293, 273), (306, 272), (314, 273), (322, 273), (335, 276), (321, 278), (313, 279), (306, 277)]"""
"MARIA G,MARIA,MARIA G,ROMERO,1990-02-19,2026-03-19,ARQ,20:08:02,""[(237, 152), (238, 176), (241, 200), (244, 224), (254, 245), (268, 265), (283, 282), (301, 296), (322, 302), (341, 300), (358, 286), (373, 268), (386, 249), (395, 228), (400, 205), (405, 182), (407, 160), (259, 142), (273, 136), (289, 136), (303, 140), (316, 148), (345, 148), (360, 142), (375, 139), (390, 141), (399, 150), (331, 164), (330, 181), (330, 196), (329, 213), (310, 220), (318, 223), (327, 227), (337, 225), (345, 222), (275, 160), (286, 155), (298, 156), (307, 165), (296, 166), (284, 165), (351, 167), (361, 159), (373, 159), (382, 164), (374, 170), (362, 169), (295, 246), (306, 242), (319, 239), (327, 243), (336, 240), (347, 244), (356, 249), (346, 263), (335, 270), (325, 271), (316, 269), (305, 260), (300, 247), (319, 248), (327, 249), (336, 249), (351, 250), (335, 257), (326, 258), (317, 256)]"""
"MARIA G,MARIA,MARIA G,ROMERO,1990-02-19,2026-03-19,ARQ,20:08:02,""[(256, 148), (255, 171), (256, 194), (259, 217), (267, 239), (277, 260), (290, 278), (306, 293), (327, 298), (347, 294), (364, 279), (379, 262), (392, 244), (402, 223), (406, 201), (409, 179), (410, 158), (267, 141), (279, 135), (294, 135), (308, 139), (321, 147), (350, 147), (364, 141), (378, 138), (393, 139), (402, 148), (335, 163), (335, 179), (334, 195), (333, 212), (315, 218), (323, 221), (332, 225), (341, 223), (349, 220), (283, 158), (292, 154), (303, 155), (312, 163), (302, 165), (290, 164), (356, 165), (365, 157), (376, 157), (385, 162), (377, 168), (366, 168), (300, 242), (312, 242), (323, 240), (331, 242), (339, 240), (349, 242), (361, 244), (349, 257), (338, 262), (330, 263), (321, 261), (311, 255), (306, 244), (323, 247), (331, 248), (339, 247), (355, 246), (339, 251), (331, 252), (322, 251)]"""
"MARIA G,MARIA,MARIA G,ROMERO,1990-02-19,2026-03-19,ARQ,20:08:03,""[(246, 153), (246, 175), (247, 198), (250, 220), (258, 242), (270, 262), (282, 280), (299, 295), (320, 300), (340, 296), (357, 280), (371, 263), (383, 244), (392, 224), (396, 202), (399, 180), (400, 158), (257, 144), (268, 138), (282, 138), (296, 141), (308, 149), (338, 148), (351, 142), (365, 139), (380, 140), (390, 149), (323, 164), (323, 180), (322, 196), (322, 212), (305, 220), (312, 223), (321, 226), (330, 223), (338, 220), (271, 161), (280, 156), (292, 157), (301, 166), (290, 167), (279, 166), (344, 167), (353, 159), (364, 158), (373, 163), (366, 169), (354, 169), (290, 244), (301, 242), (312, 239), (320, 242), (329, 240), (340, 242), (351, 245), (339, 259), (329, 265), (320, 266), (311, 264), (300, 257), (296, 246), (312, 248), (320, 249), (329, 248), (345, 246), (329, 254), (320, 255), (312, 253)]"""
"MARIA R,MARIA ,MARIA R,ROMERO,1990-02-20,2026-03-19,ARQ,20:50:37,""[(239, 180), (239, 202), (241, 225), (244, 247), (252, 269), (261, 289), (273, 306), (289, 320), (308, 324), (328, 321), (345, 308), (360, 292), (371, 274), (380, 253), (385, 232), (390, 210), (392, 188), (249, 170), (260, 164), (275, 165), (288, 169), (300, 176), (330, 177), (343, 170), (357, 167), (372, 168), (382, 177), (314, 193), (314, 210), (313, 226), (312, 243), (295, 249), (303, 252), (311, 255), (320, 253), (328, 250), (264, 189), (273, 185), (284, 187), (293, 194), (283, 196), (272, 195), (336, 196), (346, 189), (357, 189), (365, 194), (357, 199), (346, 199), (284, 275), (294, 272), (304, 270), (311, 272), (319, 270), (328, 274), (339, 277), (328, 288), (318, 293), (310, 293), (302, 292), (293, 286), (289, 277), (304, 277), (311, 279), (318, 278), (333, 278), (318, 281), (311, 282), (303, 280)]"""
"MARIA R,MARIA ,MARIA R,ROMERO,1990-02-20,2026-03-19,ARQ,20:50:38,""[(235, 185), (236, 207), (239, 228), (245, 250), (253, 271), (264, 291), (276, 308), (292, 320), (312, 324), (332, 320), (349, 306), (364, 289), (376, 270), (384, 250), (388, 228), (390, 206), (390, 183), (243, 176), (254, 170), (268, 170), (281, 174), (293, 181), (321, 178), (334, 171), (348, 167), (364, 166), (376, 173), (308, 196), (307, 213), (307, 229), (307, 246), (292, 252), (299, 255), (308, 258), (317, 255), (326, 251), (260, 195), (269, 192), (279, 192), (289, 198), (278, 201), (268, 200), (330, 197), (340, 191), (350, 190), (360, 193), (352, 199), (341, 200), (282, 275), (293, 273), (302, 271), (310, 273), (317, 271), (329, 272), (341, 273), (330, 286), (319, 293), (311, 294), (303, 293), (293, 287), (287, 277), (303, 278), (310, 279), (318, 278), (336, 274), (318, 282), (311, 283), (303, 282)]"""
"MARIA R,MARIA ,MARIA R,ROMERO,1990-02-20,2026-03-19,ARQ,20:50:38,""[(226, 181), (228, 205), (231, 229), (236, 252), (245, 274), (258, 293), (274, 309), (292, 322), (313, 325), (332, 321), (349, 306), (364, 289), (376, 270), (383, 248), (386, 225), (388, 203), (390, 180), (241, 178), (253, 172), (268, 173), (282, 177), (294, 183), (322, 180), (336, 173), (351, 169), (367, 169), (377, 178), (310, 197), (310, 214), (310, 231), (310, 249), (294, 254), (302, 258), (310, 260), (319, 257), (326, 254), (258, 195), (267, 190), (278, 190), (288, 198), (278, 200), (266, 200), (331, 196), (340, 188), (351, 187), (360, 192), (352, 198), (341, 199), (284, 279), (294, 276), (303, 274), (310, 276), (318, 274), (328, 275), (339, 277), (329, 290), (319, 296), (311, 297), (303, 296), (293, 290), (289, 280), (304, 280), (311, 281), (318, 280), (334, 278), (318, 285), (311, 286), (303, 285)]"""
"MARIA R,MARIA ,MARIA R,ROMERO,1990-02-20,2026-03-19,ARQ,20:50:39,""[(236, 184), (237, 206), (240, 228), (245, 250), (253, 271), (264, 290), (276, 306), (292, 320), (312, 324), (332, 319), (348, 305), (363, 288), (375, 270), (383, 250), (388, 229), (391, 207), (392, 184), (244, 177), (255, 169), (270, 170), (284, 173), (296, 180), (326, 178), (339, 171), (353, 167), (369, 167), (380, 175), (311, 194), (311, 212), (311, 229), (311, 247), (294, 252), (302, 255), (311, 258), (320, 255), (328, 251), (260, 192), (270, 187), (281, 188), (290, 196), (280, 198), (268, 197), (333, 196), (342, 187), (353, 186), (363, 191), (355, 197), (343, 198), (283, 274), (293, 273), (304, 271), (312, 274), (319, 271), (330, 272), (342, 272), (331, 287), (320, 294), (312, 295), (303, 294), (293, 287), (288, 276), (304, 278), (312, 279), (319, 278), (337, 274), (320, 283), (312, 284), (304, 283)]"""
"MARIA R,MARIA ,MARIA R,ROMERO,1990-02-20,2026-03-19,ARQ,20:50:39,""[(235, 184), (235, 206), (237, 228), (241, 250), (250, 271), (260, 291), (273, 308), (290, 321), (310, 326), (330, 322), (346, 307), (361, 291), (373, 272), (382, 251), (386, 229), (389, 207), (390, 185), (244, 176), (256, 170), (270, 170), (284, 173), (297, 180), (326, 179), (339, 172), (353, 168), (368, 168), (379, 176), (311, 196), (311, 213), (311, 229), (311, 247), (295, 252), (302, 255), (311, 258), (319, 255), (327, 252), (260, 193), (269, 188), (281, 189), (290, 197), (279, 199), (268, 198), (333, 197), (342, 189), (353, 188), (362, 193), (354, 198), (343, 199), (281, 274), (292, 273), (303, 271), (311, 274), (319, 271), (330, 273), (341, 274), (330, 290), (319, 298), (310, 299), (301, 297), (291, 290), (286, 276), (302, 278), (311, 280), (318, 279), (336, 276), (319, 286), (311, 287), (302, 285)]"""
"maria,marfia,,,,2026-03-23,,12:02:32,""[(250, 146), (249, 161), (249, 177), (250, 192), (251, 206), (257, 220), (267, 229), (281, 234), (302, 236), (324, 235), (344, 235), (363, 229), (376, 219), (384, 205), (389, 187), (391, 169), (392, 151), (257, 113), (263, 103), (273, 96), (285, 93), (296, 96), (318, 94), (332, 90), (348, 91), (362, 97), (371, 109), (306, 109), (305, 117), (303, 125), (302, 134), (290, 155), (297, 156), (304, 157), (312, 156), (319, 154), (266, 126), (271, 117), (280, 115), (290, 122), (281, 123), (272, 125), (330, 120), (339, 112), (349, 112), (357, 121), (349, 121), (339, 121), (277, 188), (286, 174), (297, 167), (304, 168), (313, 166), (324, 173), (336, 187), (323, 188), (312, 188), (303, 188), (295, 188), (286, 189), (282, 186), (296, 178), (304, 178), (312, 178), (331, 185), (312, 178), (303, 178), (296, 179)]"""
"maria,marfia,ma,,,2026-03-23,,12:02:33,""[(247, 145), (246, 160), (247, 175), (248, 190), (249, 205), (253, 218), (265, 226), (281, 229), (301, 230), (323, 231), (343, 230), (362, 226), (374, 216), (382, 201), (387, 185), (390, 167), (391, 148), (253, 112), (259, 102), (270, 97), (282, 94), (293, 98), (313, 95), (327, 90), (343, 91), (358, 96), (368, 108), (302, 109), (301, 116), (300, 124), (298, 132), (287, 154), (293, 155), (300, 156), (308, 154), (316, 153), (262, 126), (267, 117), (276, 116), (286, 122), (277, 123), (269, 125), (326, 119), (335, 111), (345, 112), (354, 120), (345, 120), (335, 119), (274, 187), (283, 173), (293, 166), (300, 167), (308, 165), (320, 171), (333, 185), (321, 186), (309, 186), (301, 187), (293, 187), (283, 188), (279, 186), (293, 177), (300, 177), (309, 176), (328, 183), (309, 177), (301, 177), (293, 177)]"""
"maria,marfia,ma,,,2026-03-23,,12:02:34,""[(252, 147), (251, 162), (251, 177), (252, 192), (254, 207), (259, 221), (271, 230), (287, 234), (308, 236), (331, 236), (351, 235), (368, 229), (380, 218), (387, 204), (391, 187), (392, 169), (393, 151), (259, 115), (264, 104), (275, 97), (288, 95), (300, 98), (322, 96), (336, 91), (352, 93), (366, 99), (375, 111), (310, 111), (309, 119), (308, 127), (307, 136), (296, 158), (302, 158), (309, 159), (317, 158), (325, 157), (268, 127), (274, 117), (283, 117), (293, 123), (283, 124), (275, 126), (334, 122), (343, 114), (353, 114), (361, 123), (352, 123), (343, 122), (280, 191), (290, 176), (301, 170), (309, 171), (317, 169), (329, 175), (341, 189), (329, 190), (317, 191), (309, 191), (301, 191), (291, 192), (285, 189), (301, 181), (309, 181), (317, 180), (337, 188), (317, 181), (309, 181), (301, 181)]"""
"maria,marfia,ma,,,2026-03-23,,12:02:34,""[(252, 148), (251, 164), (252, 180), (254, 197), (256, 212), (263, 226), (274, 237), (289, 242), (310, 243), (332, 243), (351, 241), (368, 233), (380, 221), (388, 205), (392, 188), (393, 169), (393, 151), (259, 117), (265, 105), (277, 99), (290, 95), (303, 99), (323, 98), (337, 93), (353, 95), (367, 101), (376, 113), (313, 114), (312, 122), (311, 131), (310, 141), (298, 162), (304, 163), (312, 164), (320, 162), (328, 161), (269, 128), (276, 119), (285, 119), (295, 125), (286, 127), (276, 128), (335, 124), (344, 116), (354, 116), (363, 125), (354, 125), (344, 125), (284, 195), (294, 182), (305, 175), (312, 176), (320, 174), (332, 180), (344, 193), (332, 195), (320, 196), (312, 197), (304, 197), (294, 197), (289, 193), (304, 186), (312, 186), (320, 185), (339, 192), (320, 186), (312, 186), (304, 187)]"""
"maria,marfia,ma,,,2026-03-23,,12:02:34,""[(245, 145), (243, 161), (243, 177), (244, 193), (246, 209), (251, 223), (263, 232), (279, 237), (301, 238), (323, 238), (343, 236), (360, 229), (372, 218), (379, 203), (383, 185), (385, 167), (386, 149), (251, 115), (257, 104), (268, 98), (280, 96), (292, 98), (314, 97), (328, 93), (344, 94), (357, 101), (367, 112), (303, 113), (301, 121), (300, 130), (299, 139), (287, 160), (293, 161), (300, 162), (308, 160), (316, 159), (260, 128), (266, 119), (275, 118), (285, 125), (276, 126), (267, 127), (325, 124), (335, 115), (344, 116), (353, 124), (344, 124), (335, 124), (273, 193), (282, 179), (293, 172), (300, 174), (308, 172), (320, 178), (333, 191), (320, 192), (309, 193), (301, 194), (292, 194), (282, 194), (278, 191), (293, 184), (300, 183), (308, 183), (327, 190), (308, 183), (300, 184), (293, 184)]"""
"m,,,,,2026-03-23,,12:18:17,""[(285, 100), (286, 120), (287, 139), (290, 158), (296, 176), (306, 192), (321, 204), (341, 211), (365, 212), (388, 210), (406, 203), (420, 191), (430, 173), (435, 154), (438, 134), (439, 114), (440, 94), (297, 63), (306, 51), (320, 45), (336, 43), (350, 47), (375, 45), (390, 41), (405, 42), (419, 48), (427, 60), (364, 63), (365, 74), (366, 84), (366, 95), (349, 118), (357, 119), (366, 121), (374, 119), (381, 117), (310, 78), (318, 67), (329, 66), (340, 74), (329, 76), (319, 78), (386, 73), (396, 64), (407, 65), (415, 74), (407, 75), (396, 75), (334, 156), (346, 141), (358, 133), (366, 134), (374, 132), (386, 140), (395, 155), (385, 157), (374, 158), (366, 158), (357, 158), (346, 158), (340, 154), (358, 146), (366, 146), (374, 145), (390, 153), (374, 147), (366, 147), (358, 147)]"""
"m,,,,,2026-03-23,,12:18:17,""[(285, 101), (285, 120), (287, 138), (290, 156), (296, 173), (306, 188), (321, 199), (340, 205), (364, 206), (388, 204), (407, 198), (420, 186), (429, 170), (434, 152), (437, 133), (439, 115), (439, 96), (297, 62), (306, 49), (320, 43), (336, 40), (350, 45), (374, 44), (388, 39), (403, 40), (417, 46), (426, 58), (363, 60), (364, 70), (365, 80), (365, 91), (349, 114), (356, 116), (365, 117), (373, 115), (380, 113), (310, 75), (317, 65), (328, 64), (340, 72), (329, 74), (318, 75), (384, 71), (394, 62), (406, 62), (414, 72), (406, 73), (395, 72), (334, 152), (346, 136), (357, 129), (365, 130), (373, 128), (384, 135), (395, 151), (384, 152), (374, 152), (365, 153), (357, 153), (346, 153), (339, 150), (357, 141), (365, 141), (373, 141), (389, 148), (373, 142), (365, 142), (357, 142)]"""
"m,,,,,2026-03-23,,12:18:18,""[(294, 101), (294, 114), (294, 128), (295, 141), (297, 154), (304, 163), (318, 168), (336, 169), (358, 169), (380, 169), (400, 170), (418, 167), (430, 158), (435, 145), (437, 130), (438, 114), (438, 98), (303, 64), (309, 52), (321, 43), (335, 38), (349, 40), (367, 38), (382, 34), (398, 36), (412, 44), (421, 56), (358, 52), (358, 58), (357, 64), (357, 70), (345, 95), (351, 94), (358, 94), (365, 93), (372, 93), (314, 72), (321, 64), (330, 62), (340, 67), (331, 69), (322, 71), (379, 65), (388, 57), (398, 58), (407, 65), (398, 65), (389, 65), (332, 128), (341, 112), (351, 104), (358, 105), (366, 103), (377, 110), (388, 125), (377, 124), (367, 124), (359, 125), (351, 125), (341, 126), (337, 125), (351, 115), (359, 115), (366, 114), (382, 123), (367, 115), (359, 115), (351, 116)]"""
"m,,,,,2026-03-23,,12:18:18,""[(301, 114), (301, 125), (302, 137), (303, 148), (307, 156), (316, 162), (330, 164), (347, 162), (366, 161), (385, 162), (403, 164), (419, 163), (430, 158), (436, 147), (438, 134), (439, 120), (439, 106), (310, 73), (316, 61), (326, 52), (339, 47), (352, 47), (371, 44), (385, 41), (400, 44), (413, 51), (422, 63), (362, 57), (361, 60), (361, 64), (361, 68), (350, 93), (356, 92), (362, 91), (369, 91), (376, 92), (320, 79), (327, 71), (335, 68), (345, 72), (337, 74), (328, 77), (382, 69), (391, 63), (400, 63), (409, 71), (400, 70), (391, 69), (337, 123), (347, 107), (357, 98), (363, 99), (370, 98), (381, 105), (393, 121), (381, 119), (371, 117), (364, 117), (357, 118), (347, 120), (342, 120), (357, 109), (363, 109), (370, 109), (388, 119), (370, 108), (363, 109), (356, 109)]"""
"m,,,,,2026-03-23,,12:18:19,""[(296, 110), (297, 121), (298, 132), (299, 143), (303, 153), (311, 159), (325, 159), (342, 158), (362, 157), (383, 159), (402, 162), (418, 162), (429, 156), (434, 146), (436, 132), (436, 118), (437, 104), (307, 67), (313, 55), (323, 47), (337, 42), (350, 43), (369, 41), (383, 37), (398, 41), (411, 49), (420, 60), (360, 54), (360, 57), (360, 60), (359, 64), (348, 90), (354, 89), (360, 88), (367, 88), (374, 89), (318, 74), (324, 66), (333, 64), (343, 69), (334, 70), (326, 72), (381, 66), (389, 60), (399, 61), (407, 69), (399, 67), (389, 66), (336, 120), (345, 104), (354, 96), (361, 97), (368, 95), (379, 103), (391, 119), (379, 116), (369, 115), (361, 115), (354, 115), (345, 117), (341, 117), (355, 107), (361, 107), (368, 107), (385, 117), (368, 106), (361, 106), (354, 106)]"""
"m,m,,,,2026-03-24,,11:05:29,""[(199, 107), (198, 136), (199, 165), (202, 193), (211, 219), (225, 243), (244, 263), (265, 279), (289, 284), (311, 282), (329, 267), (346, 249), (359, 227), (369, 205), (378, 181), (385, 157), (388, 132), (222, 92), (239, 84), (259, 84), (278, 90), (295, 100), (328, 103), (344, 98), (360, 97), (376, 101), (385, 112), (310, 120), (309, 136), (309, 153), (308, 171), (284, 183), (294, 187), (304, 190), (313, 188), (322, 186), (240, 116), (253, 112), (267, 114), (278, 122), (265, 124), (251, 123), (333, 128), (345, 122), (357, 124), (367, 130), (356, 134), (344, 132), (263, 222), (278, 213), (293, 208), (302, 211), (310, 209), (321, 216), (328, 227), (319, 239), (308, 244), (299, 245), (289, 243), (275, 237), (270, 222), (292, 220), (301, 222), (309, 221), (321, 227), (309, 227), (300, 228), (291, 227)]"""
"m,m,,,,2026-03-24,,11:05:29,""[(194, 98), (194, 126), (195, 154), (199, 182), (208, 208), (222, 230), (241, 250), (263, 264), (288, 269), (310, 266), (328, 252), (344, 234), (355, 212), (364, 190), (372, 167), (377, 144), (379, 120), (221, 77), (238, 69), (258, 68), (277, 74), (294, 83), (327, 86), (341, 81), (355, 81), (369, 84), (378, 93), (310, 102), (310, 118), (311, 133), (311, 149), (285, 163), (295, 166), (305, 169), (314, 168), (322, 166), (239, 100), (252, 95), (266, 96), (276, 106), (264, 108), (250, 107), (329, 112), (341, 104), (353, 106), (362, 114), (353, 117), (341, 116), (256, 201), (274, 191), (292, 187), (302, 190), (312, 188), (322, 194), (328, 208), (320, 220), (308, 225), (297, 225), (287, 224), (270, 217), (263, 202), (290, 200), (300, 201), (310, 201), (322, 207), (309, 208), (299, 209), (289, 207)]"""
"m,m,,,,2026-03-24,,11:05:30,""[(177, 90), (178, 118), (180, 145), (185, 171), (196, 195), (213, 214), (234, 229), (257, 241), (282, 245), (303, 241), (319, 227), (332, 209), (341, 188), (349, 168), (354, 147), (358, 126), (358, 105), (209, 63), (225, 53), (244, 50), (264, 54), (282, 62), (312, 66), (325, 61), (338, 61), (351, 64), (359, 73), (298, 82), (299, 95), (301, 109), (303, 122), (278, 140), (287, 143), (297, 145), (305, 144), (312, 142), (228, 83), (241, 77), (254, 78), (265, 87), (253, 89), (240, 88), (314, 91), (325, 84), (336, 85), (344, 93), (336, 96), (325, 95), (249, 179), (267, 167), (286, 161), (294, 164), (303, 162), (313, 168), (318, 183), (311, 195), (300, 201), (291, 202), (281, 201), (264, 194), (256, 179), (284, 174), (294, 175), (302, 175), (312, 182), (301, 185), (292, 186), (283, 185)]"""
"m,m,,,,2026-03-24,,11:05:30,""[(138, 75), (138, 100), (140, 126), (145, 151), (155, 172), (171, 190), (191, 205), (213, 216), (236, 220), (256, 216), (272, 204), (286, 189), (297, 171), (305, 152), (312, 132), (315, 111), (317, 91), (169, 48), (184, 39), (203, 37), (222, 41), (239, 49), (267, 53), (280, 49), (294, 49), (306, 52), (315, 61), (252, 68), (253, 81), (254, 93), (255, 106), (233, 123), (241, 125), (250, 127), (257, 127), (265, 125), (187, 69), (199, 63), (211, 64), (222, 73), (210, 75), (197, 74), (269, 77), (279, 71), (290, 72), (298, 80), (290, 82), (279, 81), (205, 157), (222, 148), (238, 144), (247, 147), (254, 145), (264, 151), (270, 163), (261, 172), (251, 176), (243, 177), (233, 176), (219, 171), (211, 158), (237, 155), (246, 156), (253, 156), (264, 162), (252, 163), (244, 163), (236, 162)]"""
"m,m,,,,2026-03-24,,11:05:31,""[(137, 67), (137, 91), (138, 116), (142, 140), (151, 162), (166, 180), (184, 195), (205, 206), (227, 211), (247, 209), (264, 198), (279, 184), (291, 166), (300, 147), (307, 127), (312, 107), (314, 87), (168, 37), (183, 30), (201, 29), (218, 32), (233, 41), (262, 46), (275, 43), (289, 44), (301, 48), (309, 57), (246, 61), (245, 73), (245, 85), (245, 98), (226, 114), (233, 117), (241, 119), (248, 119), (255, 118), (184, 60), (196, 56), (207, 57), (218, 65), (206, 66), (194, 65), (264, 71), (275, 67), (286, 69), (294, 75), (284, 77), (274, 75), (200, 147), (216, 140), (231, 136), (238, 139), (245, 138), (254, 144), (260, 155), (251, 163), (241, 166), (233, 166), (226, 164), (213, 160), (206, 148), (229, 147), (237, 148), (244, 149), (255, 155), (242, 153), (235, 153), (228, 152)]"""
M,M,M,M,2026-03-03,2026-03-26,M,13:46:48,"[(322, 198), (323, 213), (324, 228), (325, 243), (330, 256), (339, 267), (354, 272), (373, 275), (395, 275), (416, 273), (434, 269), (448, 262), (456, 249), (459, 234), (460, 218), (461, 202), (460, 186), (331, 160), (337, 147), (349, 140), (364, 136), (377, 139), (398, 137), (411, 132), (425, 134), (438, 140), (446, 152), (389, 152), (390, 160), (391, 169), (392, 177), (378, 199), (385, 199), (392, 200), (399, 198), (405, 197), (343, 168), (350, 159), (359, 158), (369, 165), (360, 166), (351, 168), (409, 163), (417, 154), (427, 154), (435, 162), (427, 162), (418, 163), (365, 232), (375, 218), (386, 211), (393, 212), (400, 210), (411, 216), (421, 229), (411, 230), (402, 231), (394, 232), (386, 232), (375, 233), (369, 231), (386, 221), (393, 221), (400, 221), (416, 228), (401, 222), (393, 223), (386, 223)]"
M,M,M,M,2026-03-03,2026-03-26,M,13:46:48,"[(321, 196), (321, 212), (322, 227), (324, 242), (329, 255), (339, 266), (354, 272), (373, 275), (394, 275), (416, 273), (434, 269), (448, 262), (456, 250), (460, 235), (461, 219), (461, 203), (461, 187), (332, 158), (338, 146), (350, 139), (364, 135), (377, 138), (397, 137), (410, 132), (425, 134), (437, 140), (445, 151), (389, 152), (390, 160), (391, 168), (391, 177), (377, 199), (384, 199), (392, 200), (399, 199), (405, 197), (344, 168), (350, 158), (359, 157), (369, 165), (360, 166), (351, 167), (408, 162), (417, 153), (427, 153), (434, 161), (427, 162), (418, 162), (365, 232), (375, 218), (386, 211), (392, 212), (399, 210), (410, 216), (420, 229), (411, 230), (401, 231), (394, 232), (386, 232), (376, 233), (369, 230), (386, 222), (393, 221), (400, 221), (416, 227), (400, 222), (393, 222), (386, 223)]"
M,M,M,M,2026-03-03,2026-03-26,M,13:46:49,"[(321, 198), (322, 213), (324, 228), (326, 242), (330, 256), (339, 266), (354, 272), (372, 275), (393, 275), (415, 273), (433, 270), (448, 263), (455, 250), (459, 235), (461, 219), (461, 203), (461, 187), (331, 159), (338, 147), (349, 139), (364, 135), (377, 138), (396, 137), (409, 132), (424, 134), (437, 140), (445, 152), (388, 152), (389, 160), (390, 168), (391, 177), (377, 199), (384, 199), (391, 200), (398, 199), (405, 197), (343, 168), (349, 158), (359, 157), (368, 165), (360, 166), (350, 167), (408, 162), (416, 153), (426, 153), (434, 161), (426, 162), (417, 162), (364, 232), (374, 218), (385, 211), (392, 212), (400, 210), (411, 216), (421, 229), (411, 230), (401, 231), (393, 231), (385, 232), (375, 233), (369, 230), (385, 221), (392, 221), (400, 220), (416, 227), (400, 221), (392, 222), (385, 222)]"
M,M,M,M,2026-03-03,2026-03-26,M,13:46:49,"[(321, 201), (322, 216), (324, 230), (326, 245), (331, 258), (341, 268), (356, 273), (374, 275), (395, 275), (416, 273), (434, 270), (448, 263), (456, 250), (459, 235), (461, 220), (461, 204), (461, 188), (331, 160), (338, 147), (349, 140), (364, 136), (377, 139), (396, 137), (410, 132), (424, 134), (437, 140), (445, 152), (389, 152), (390, 160), (390, 168), (391, 177), (377, 199), (384, 199), (392, 200), (399, 198), (405, 197), (343, 169), (350, 159), (359, 158), (369, 165), (360, 166), (351, 168), (408, 163), (417, 154), (426, 154), (434, 162), (427, 162), (418, 163), (365, 232), (375, 218), (385, 211), (392, 211), (400, 210), (410, 216), (421, 229), (411, 230), (401, 231), (393, 231), (386, 232), (376, 233), (370, 230), (386, 221), (393, 220), (400, 220), (416, 227), (400, 222), (393, 222), (386, 222)]"
M,M,M,M,2026-03-03,2026-03-26,M,13:46:50,"[(320, 200), (322, 214), (324, 229), (326, 243), (330, 255), (339, 265), (354, 271), (373, 274), (394, 274), (416, 272), (434, 270), (448, 262), (455, 250), (460, 235), (461, 220), (462, 204), (462, 188), (331, 160), (338, 147), (349, 140), (364, 138), (377, 141), (397, 138), (411, 133), (425, 135), (438, 141), (446, 152), (389, 153), (390, 161), (391, 168), (392, 176), (378, 198), (385, 199), (392, 199), (399, 198), (405, 197), (344, 171), (351, 165), (360, 163), (369, 167), (361, 170), (352, 172), (408, 165), (418, 160), (427, 160), (435, 166), (427, 168), (418, 167), (366, 231), (376, 217), (386, 210), (393, 212), (400, 210), (410, 216), (421, 228), (410, 230), (401, 231), (393, 232), (386, 232), (376, 232), (371, 229), (386, 221), (393, 221), (400, 221), (415, 227), (400, 222), (393, 222), (386, 222)]"
MARIA G,MARIA,MARIA G,ROMERO,2016-02-24,2026-03-26,ARQ ,14:12:16,"[(243, 195), (242, 218), (244, 241), (247, 263), (254, 284), (266, 304), (282, 320), (301, 331), (325, 335), (347, 332), (366, 321), (382, 306), (393, 287), (399, 266), (404, 244), (407, 222), (408, 199), (257, 169), (268, 158), (284, 155), (299, 157), (314, 164), (343, 163), (359, 158), (375, 157), (389, 162), (398, 174), (330, 182), (330, 197), (330, 211), (330, 227), (310, 243), (319, 246), (329, 248), (338, 246), (346, 243), (271, 188), (281, 181), (293, 181), (304, 190), (293, 193), (280, 193), (352, 192), (363, 183), (375, 183), (384, 191), (376, 196), (364, 195), (294, 280), (307, 269), (320, 263), (329, 265), (338, 263), (350, 269), (360, 280), (349, 290), (338, 296), (328, 296), (318, 296), (306, 291), (301, 279), (320, 275), (328, 276), (337, 275), (354, 279), (337, 278), (328, 280), (319, 279)]"
MARIA G,MARIA,MARIA G,ROMERO,2016-02-24,2026-03-26,ARQ ,14:12:17,"[(243, 194), (243, 218), (244, 241), (248, 263), (255, 284), (266, 304), (283, 321), (302, 332), (326, 335), (349, 331), (368, 320), (383, 304), (393, 285), (400, 264), (404, 242), (407, 220), (407, 198), (257, 168), (268, 158), (283, 155), (299, 157), (313, 163), (343, 163), (358, 158), (374, 157), (388, 161), (397, 173), (329, 180), (329, 195), (330, 210), (330, 225), (311, 243), (319, 246), (329, 248), (338, 246), (345, 244), (271, 188), (280, 180), (292, 181), (303, 190), (292, 192), (279, 192), (351, 191), (362, 182), (374, 182), (383, 190), (374, 194), (362, 193), (295, 281), (308, 273), (321, 268), (328, 270), (336, 268), (348, 273), (359, 280), (347, 289), (337, 293), (328, 294), (320, 294), (308, 290), (300, 281), (321, 280), (328, 280), (336, 279), (354, 280), (336, 280), (328, 281), (321, 280)]"
MARIA G,MARIA,MARIA G,ROMERO,2016-02-24,2026-03-26,ARQ ,14:12:18,"[(242, 195), (242, 217), (244, 239), (248, 261), (254, 281), (266, 300), (282, 314), (302, 324), (326, 327), (349, 324), (368, 314), (384, 300), (394, 282), (400, 262), (404, 241), (407, 220), (408, 199), (256, 168), (267, 157), (282, 155), (298, 157), (313, 163), (343, 163), (358, 157), (375, 157), (389, 162), (398, 174), (329, 180), (329, 195), (329, 210), (330, 225), (310, 242), (319, 244), (328, 247), (337, 245), (345, 242), (270, 187), (279, 179), (291, 180), (302, 189), (291, 191), (279, 191), (351, 190), (361, 181), (374, 181), (383, 190), (374, 193), (362, 193), (293, 277), (307, 270), (320, 265), (328, 267), (336, 265), (348, 270), (361, 278), (348, 285), (336, 288), (327, 288), (319, 288), (306, 284), (298, 277), (320, 275), (328, 276), (336, 275), (356, 277), (336, 276), (328, 277), (320, 276)]"
MARIA G,MARIA,MARIA G,ROMERO,2016-02-24,2026-03-26,ARQ ,14:12:18,"[(242, 193), (242, 216), (243, 239), (247, 261), (255, 281), (266, 301), (282, 316), (301, 326), (325, 329), (348, 326), (367, 316), (383, 301), (394, 283), (400, 262), (405, 241), (407, 219), (408, 197), (255, 166), (266, 156), (282, 153), (298, 154), (313, 160), (343, 161), (358, 155), (374, 155), (389, 160), (398, 172), (329, 178), (329, 193), (329, 207), (330, 223), (310, 240), (319, 243), (328, 245), (337, 243), (345, 241), (270, 186), (279, 178), (291, 179), (302, 187), (291, 189), (279, 190), (351, 189), (362, 180), (374, 181), (383, 189), (374, 192), (362, 191), (295, 278), (308, 269), (322, 263), (329, 265), (336, 263), (348, 269), (358, 278), (347, 287), (336, 291), (328, 291), (320, 291), (307, 287), (301, 277), (321, 275), (328, 275), (336, 275), (353, 278), (336, 276), (328, 276), (321, 276)]"
MARIA G,MARIA,MARIA G,ROMERO,2016-02-24,2026-03-26,ARQ ,14:12:19,"[(241, 194), (241, 217), (243, 240), (248, 263), (256, 284), (267, 305), (283, 321), (302, 331), (325, 335), (348, 331), (367, 319), (382, 303), (392, 283), (399, 261), (403, 239), (406, 217), (406, 194), (255, 167), (265, 156), (280, 152), (296, 153), (311, 160), (342, 160), (356, 154), (372, 154), (387, 159), (395, 171), (328, 177), (329, 192), (329, 206), (330, 222), (311, 240), (319, 243), (329, 245), (337, 243), (345, 240), (269, 185), (278, 177), (290, 178), (302, 187), (290, 189), (278, 189), (350, 188), (360, 178), (372, 179), (382, 187), (373, 191), (361, 190), (295, 279), (309, 272), (321, 267), (328, 269), (335, 267), (346, 272), (357, 279), (346, 287), (336, 291), (328, 292), (320, 291), (308, 287), (300, 279), (321, 278), (328, 278), (335, 277), (352, 279), (335, 279), (328, 280), (321, 279)]"
cc,cc,cc,cc,2026-05-12,2026-05-23,cc,17:57:46,"[(525, 524), (525, 558), (526, 591), (529, 626), (537, 658), (555, 687), (582, 707), (616, 719), (655, 723), (695, 722), (729, 712), (759, 695), (778, 669), (788, 638), (793, 604), (796, 571), (797, 538), (556, 471), (573, 455), (597, 452), (621, 455), (643, 464), (691, 466), (713, 457), (738, 455), (761, 462), (775, 480), (667, 493), (667, 511), (667, 529), (667, 548), (637, 576), (651, 579), (664, 582), (677, 581), (690, 579), (580, 504), (595, 495), (613, 495), (629, 505), (612, 509), (595, 509), (701, 509), (719, 500), (736, 502), (749, 512), (735, 516), (718, 515), (610, 634), (630, 615), (649, 606), (663, 610), (676, 607), (694, 618), (710, 639), (692, 646), (674, 648), (660, 648), (646, 646), (627, 643), (619, 633), (649, 624), (662, 625), (676, 625), (701, 637), (675, 628), (661, 628), (648, 627)]"
cc,cc,cc,cc,2026-05-12,2026-05-23,cc,17:57:46,"[(533, 487), (533, 522), (534, 558), (537, 593), (546, 626), (565, 653), (593, 673), (627, 688), (665, 695), (703, 691), (738, 679), (767, 660), (787, 634), (798, 602), (803, 567), (807, 533), (809, 499), (567, 434), (585, 420), (609, 417), (633, 422), (655, 431), (707, 432), (730, 424), (753, 422), (775, 428), (789, 444), (681, 460), (681, 479), (681, 497), (682, 517), (650, 544), (664, 548), (678, 551), (691, 550), (703, 548), (592, 469), (608, 461), (626, 461), (641, 471), (625, 475), (607, 475), (715, 476), (733, 468), (750, 470), (764, 479), (750, 484), (732, 482), (621, 601), (643, 583), (664, 574), (677, 578), (691, 575), (708, 587), (723, 607), (705, 615), (688, 617), (673, 618), (659, 616), (640, 612), (631, 600), (663, 593), (676, 595), (690, 595), (714, 605), (688, 596), (674, 596), (661, 595)]"
cc,cc,cc,cc,2026-05-12,2026-05-23,cc,17:57:47,"[(538, 459), (538, 495), (539, 530), (542, 565), (550, 599), (569, 627), (597, 648), (631, 663), (668, 670), (705, 666), (738, 652), (767, 634), (787, 607), (799, 576), (805, 542), (809, 508), (812, 474), (570, 409), (589, 394), (613, 390), (637, 394), (660, 404), (711, 406), (733, 399), (757, 397), (779, 403), (793, 421), (685, 435), (685, 454), (685, 473), (685, 493), (653, 520), (667, 524), (680, 526), (693, 526), (706, 524), (595, 442), (611, 434), (629, 435), (644, 446), (628, 449), (610, 448), (717, 451), (736, 442), (754, 444), (767, 454), (753, 458), (735, 457), (625, 576), (646, 558), (666, 549), (679, 554), (693, 551), (710, 562), (725, 582), (708, 591), (690, 593), (675, 593), (661, 592), (643, 587), (635, 575), (665, 568), (678, 569), (692, 569), (716, 580), (691, 572), (677, 572), (664, 571)]"
cc,cc,cc,cc,2026-05-12,2026-05-23,cc,17:57:47,"[(532, 516), (531, 551), (532, 585), (535, 619), (544, 652), (562, 681), (588, 704), (618, 719), (656, 724), (693, 722), (726, 711), (753, 692), (773, 666), (785, 635), (790, 601), (794, 568), (796, 536), (566, 469), (585, 457), (608, 456), (631, 461), (653, 469), (702, 472), (723, 466), (744, 464), (765, 469), (777, 485), (676, 498), (676, 517), (676, 535), (676, 554), (645, 581), (658, 584), (672, 587), (685, 586), (697, 584), (589, 505), (605, 498), (622, 498), (637, 508), (621, 511), (604, 511), (708, 514), (725, 507), (742, 508), (754, 518), (741, 522), (724, 520), (615, 635), (636, 618), (657, 609), (670, 613), (684, 610), (700, 621), (714, 641), (697, 650), (680, 653), (666, 653), (652, 652), (633, 647), (625, 634), (655, 628), (669, 629), (682, 629), (705, 640), (681, 632), (668, 632), (654, 631)]"
cc,cc,cc,cc,2026-05-12,2026-05-23,cc,17:57:48,"[(532, 519), (531, 553), (532, 588), (534, 622), (542, 655), (561, 683), (587, 704), (619, 719), (656, 723), (694, 722), (726, 711), (754, 692), (774, 667), (786, 637), (791, 604), (795, 571), (796, 539), (564, 472), (583, 458), (607, 457), (631, 462), (653, 471), (700, 473), (722, 467), (744, 465), (766, 470), (779, 486), (676, 499), (676, 517), (676, 535), (675, 554), (645, 580), (658, 584), (671, 587), (684, 586), (696, 584), (590, 506), (605, 498), (622, 499), (637, 509), (621, 512), (604, 512), (707, 515), (725, 507), (741, 509), (754, 519), (740, 523), (723, 521), (615, 634), (636, 618), (656, 609), (669, 613), (682, 610), (699, 622), (713, 642), (696, 649), (679, 652), (665, 652), (651, 650), (633, 645), (625, 633), (655, 628), (668, 629), (681, 630), (703, 640), (680, 631), (667, 631), (654, 630)]"
